n,p,seed,Graph File,qaoa Ansatz File,Ising Hamiltonian Runtime,Ansatz Building Runtime,qubitOp
10,0.2,432,qaoa_graph_objects/10_0.2_432_graph.pickle,qaoa_graph_objects/10_0.2_432_qaoa.pickle,0.0469472408294677,0.0029911994934082,"SparsePauliOp(['IIIIIIZIIZ', 'IIIIIIIIIZ', 'IIIIIIZIII', 'IIZIIIIIIZ', 'IIZIIIIIII', 'IIIZIIIZII', 'IIIIIIIZII', 'IIIZIIIIII', 'IZIIIIZIII', 'IZIIIIIIII', 'ZZIIIIIIII', 'ZIIIIIIIII'],
              coeffs=[ 0.5+0.j, -1. +0.j, -1. +0.j,  0.5+0.j, -0.5+0.j,  0.5+0.j, -0.5+0.j,
 -0.5+0.j,  0.5+0.j, -1. +0.j,  0.5+0.j, -0.5+0.j])"
10,0.2,8950,qaoa_graph_objects/10_0.2_8950_graph.pickle,qaoa_graph_objects/10_0.2_8950_qaoa.pickle,0.0260276794433593,0.0019617080688476,"SparsePauliOp(['IIIIIIIIZZ', 'IIIIIIIIIZ', 'IIIIIIIIZI', 'IIIIIZIIIZ', 'IIIIIZIIII', 'IIIZIIIIIZ', 'IIIZIIIIII', 'IZIIIIIIIZ', 'IZIIIIIIII', 'IIIIZIIIZI', 'IIIIZIIIII', 'IZIIIIIIZI', 'ZIIIIIIZII', 'IIIIIIIZII', 'ZIIIIIIIII', 'IIIZIIZIII', 'IIIIIIZIII', 'IIZIIIZIII', 'IIZIIIIIII', 'IZIIIIZIII', 'ZIIIIIZIII', 'IIZZIIIIII', 'ZIIZIIIIII'],
              coeffs=[ 0.5+0.j, -2. +0.j, -1.5+0.j,  0.5+0.j, -0.5+0.j,  0.5+0.j, -2. +0.j,
  0.5+0.j, -1.5+0.j,  0.5+0.j, -0.5+0.j,  0.5+0.j,  0.5+0.j, -0.5+0.j,
 -1.5+0.j,  0.5+0.j, -2. +0.j,  0.5+0.j, -1. +0.j,  0.5+0.j,  0.5+0.j,
  0.5+0.j,  0.5+0.j])"
